date,spy_return,spmo_return,excess_return,Mkt_RF,SMB,HML,RF,iqr_outlier,excess_lag1,excess_mean_3m,spy_vol_3m,mkt_mean_3m,hml_mean_3m,target_excess_next,target_underperform_next
2017-01-31,0.0179,0.0092,-0.0087,0.0194,-0.0116,-0.0276,0.0004,False,,,,,,0.0005,0
2017-02-28,0.0393,0.0398,0.0005,0.0355,-0.0215,-0.015,0.0004,False,-0.0087,,,,,-0.0199,1
2017-03-31,0.0012,-0.0187,-0.0199,0.0017,0.0113,-0.0333,0.0003,False,0.0005,-0.009366666666666667,0.0190982547195636,0.018866666666666667,-0.0253,0.0161,0
2017-04-30,0.0098999999999999,0.026,0.0161,0.0108,0.0066,-0.0205,0.0005,False,-0.0199,-0.0011000000000000003,0.01996521975836982,0.016,-0.022933333333333333,0.0045,0
2017-05-31,0.0141,0.0186,0.0045,0.0107,-0.0252,-0.0382,0.0006,False,0.0161,0.00023333333333333292,0.006579513659838386,0.0077333333333333325,-0.030666666666666665,0.0089,0
2017-06-30,0.0064,0.0153,0.0089,0.0079,0.0221,0.015,0.0006,False,0.0045,0.009833333333333333,0.003855299383100281,0.009800000000000001,-0.014566666666666665,0.0025999999999999,0
2017-07-31,0.0206,0.0232,0.0025999999999999,0.0188,-0.0145,-0.0023,0.0007,False,0.0089,0.0053333333333333,0.007108445681019168,0.012466666666666668,-0.008499999999999999,0.0078,0
2017-08-31,0.0029,0.0107,0.0078,0.0018,-0.0167,-0.0213,0.0009,False,0.0025999999999999,0.0064333333333333005,0.009373544331432662,0.0095,-0.0028666666666666654,-0.0080999999999999,1
2017-09-30,0.0200999999999999,0.012,-0.0080999999999999,0.0249,0.0445,0.0315,0.0009,False,0.0078,0.0007666666666666667,0.010077863530199883,0.015166666666666667,0.0026333333333333347,0.0542,0
2017-10-31,0.0236,0.0778,0.0542,0.0226,-0.0193,0.0013,0.0009,False,-0.0080999999999999,0.0179666666666667,0.011079861611650796,0.01643333333333333,0.0038333333333333344,-0.0045,1
2017-11-30,0.0306,0.0260999999999999,-0.0045,0.0312,-0.006,-0.0009,0.0008,False,0.0542,0.0138666666666667,0.00534633831078187,0.02623333333333333,0.010633333333333335,-0.002,1
2017-12-31,0.0121,0.0101,-0.002,0.0106,-0.0132,0.0005,0.0009,False,-0.0045,0.0159,0.00934077084613471,0.021466666666666665,0.00030000000000000117,0.0167,0
2018-01-31,0.0562999999999999,0.073,0.0167,0.0558,-0.0316,-0.0132,0.0011,False,-0.002,0.0034000000000000024,0.022197522384266175,0.03253333333333333,-0.004533333333333332,0.0314,0
2018-02-28,-0.0364,-0.005,0.0314,-0.0364,0.0027,-0.011,0.0011,False,0.0167,0.015366666666666667,0.04636661873949112,0.009999999999999997,-0.007899999999999999,-0.0121,1
2018-03-31,-0.0274,-0.0395,-0.0121,-0.0235,0.0405,-0.0021,0.0012,False,0.0314,0.012000000000000002,0.05112073943127187,-0.0013666666666666664,-0.008766666666666666,0.0089,0
2018-04-30,0.0052,0.0141,0.0089,0.0027,0.0109,0.0053,0.0014,False,-0.0121,0.0094,0.021887287025424914,-0.019066666666666666,-0.0025999999999999986,0.0152999999999999,0
2018-05-31,0.0243,0.0395999999999999,0.0152999999999999,0.0266,0.0524,-0.0314,0.0014,False,0.0089,0.004033333333333301,0.02614211162090776,0.0019333333333333331,-0.009399999999999999,-0.0058,1
2018-06-30,0.0056999999999999,-0.0001,-0.0058,0.0049,0.0111,-0.0233,0.0014,False,0.0152999999999999,0.0061333333333333006,0.010885923632532716,0.0114,-0.016466666666666668,-0.0016,1
2018-07-31,0.037,0.0354,-0.0016,0.032,-0.0223,0.0049,0.0016,False,-0.0058,0.0026333333333333014,0.015742405576446548,0.021166666666666667,-0.0166,0.0127,0
2018-08-31,0.0319,0.0446,0.0127,0.0345,0.0114,-0.0391,0.0016,False,-0.0016,0.0017666666666666675,0.016793550349266103,0.0238,-0.01916666666666667,0.0077,0
2018-09-30,0.006,0.0137,0.0077,0.0006,-0.0229,-0.0162,0.0015,False,0.0127,0.006266666666666668,0.016622374479397753,0.02236666666666667,-0.0168,-0.029,1
2018-10-31,-0.0691,-0.0981,-0.029,-0.0765,-0.047,0.0338,0.0019,False,0.0077,-0.0028666666666666667,0.05245922225881737,-0.013799999999999998,-0.007166666666666668,-0.0027,1
2018-11-30,0.0186,0.0159,-0.0027,0.0171,-0.0073,0.0036,0.0018,False,-0.029,-0.008,0.04741669888692519,-0.019599999999999996,0.0070666666666666655,0.0006999999999999,0
2018-12-31,-0.0878999999999999,-0.0872,0.0006999999999999,-0.0955,-0.0231,-0.0192,0.0019,False,-0.0027,-0.010333333333333366,0.05684332268027028,-0.05163333333333333,0.0060666666666666655,0.0113999999999999,0
2019-01-31,0.0801,0.0915,0.0113999999999999,0.0837,0.0276,-0.0039,0.0021,False,0.0006999999999999,0.0031333333333332662,0.08499852939904308,0.0017666666666666664,-0.0065,0.0068999999999999,0
2019-02-28,0.0324,0.0393,0.0068999999999999,0.0342,0.0205,-0.0266,0.0018,False,0.0113999999999999,0.0063333333333332326,0.0865749963904128,0.007466666666666667,-0.016566666666666664,0.0099999999999999,0
2019-03-31,0.0181,0.0281,0.0099999999999999,0.011,-0.0303,-0.0414,0.0019,False,0.0068999999999999,0.009433333333333233,0.032464801452239525,0.042966666666666674,-0.023966666666666667,-0.0304,1
2019-04-30,0.0408,0.0104,-0.0304,0.0397,-0.0174,0.0213,0.0021,False,0.0099999999999999,-0.0045000000000000664,0.011477078606219156,0.028300000000000002,-0.015566666666666668,0.0389999999999999,0
2019-05-31,-0.0638,-0.0248,0.0389999999999999,-0.0692,-0.0126,-0.0245,0.0021,False,-0.0304,0.006199999999999935,0.05502129890627205,-0.006166666666666665,-0.014866666666666669,-0.0212999999999999,1
2019-06-30,0.0696,0.0483,-0.0212999999999999,0.0692,0.0026,-0.0064,0.0018,False,0.0389999999999999,-0.004233333333333332,0.0701975308207727,0.013233333333333333,-0.0032000000000000028,-0.0065,1
2019-07-31,0.0151,0.0086,-0.0065,0.0123,-0.0196,0.005,0.0019,False,-0.0212999999999999,0.003733333333333335,0.06707088290259293,0.0041,-0.008633333333333335,0.013,0
2019-08-31,-0.0168,-0.0038,0.013,-0.0255,-0.0239,-0.0477,0.0016,False,-0.0065,-0.0049333333333333,0.04368985389462104,0.018666666666666668,-0.016366666666666668,-0.0164,1
2019-09-30,0.0195,0.0031,-0.0164,0.0141,-0.0097,0.0676,0.0018,False,0.013,-0.003300000000000001,0.019810182566885493,0.00030000000000000225,0.008299999999999997,-0.0248,1
2019-10-31,0.0220999999999999,-0.0027,-0.0248,0.0207,0.0027,-0.0192,0.0015,False,-0.0164,-0.0094,0.021747260363855776,0.003100000000000002,0.00023333333333332962,-0.0165,1
2019-11-30,0.0362,0.0197,-0.0165,0.0387,0.0072,-0.02,0.0012,False,-0.0248,-0.019233333333333335,0.008985729426893182,0.024500000000000004,0.009466666666666661,-0.0090999999999999,1
2019-12-31,0.0289999999999999,0.0199,-0.0090999999999999,0.0277,0.0076,0.0173,0.0014,False,-0.0165,-0.016799999999999968,0.0070505318948290005,0.02903333333333333,-0.007300000000000004,0.0304,0
2020-01-31,-0.0004,0.03,0.0304,-0.0011,-0.031,-0.0622,0.0013,False,-0.0090999999999999,0.001600000000000032,0.01938968798098617,0.02176666666666667,-0.021633333333333338,-0.0036999999999999,1
2020-02-29,-0.0791999999999999,-0.0828999999999999,-0.0036999999999999,-0.0815,0.0108,-0.0382,0.0012,False,0.0304,0.005866666666666732,0.055947952003029766,-0.018299999999999997,-0.027700000000000002,0.0393,0
2020-03-31,-0.1246,-0.0852999999999999,0.0393,-0.1337,-0.0469,-0.1383,0.0012,False,-0.0036999999999999,0.022000000000000033,0.06284403975981598,-0.0721,-0.07956666666666667,-0.0159,1
2020-04-30,0.127,0.1110999999999999,-0.0159,0.136,0.025,-0.0134,0.0,False,0.0393,0.006566666666666701,0.13409086471493872,-0.026400000000000007,-0.06330000000000001,0.0204,0
2020-05-31,0.0475999999999999,0.068,0.0204,0.0557,0.024,-0.05,0.0001,False,-0.0159,0.014600000000000002,0.12862073446117983,0.01933333333333333,-0.06723333333333334,0.0078999999999999,0
2020-06-30,0.0178,0.0256999999999999,0.0078999999999999,0.0245,0.0267,-0.0217,0.0001,False,0.0204,0.0041333333333333005,0.05644619857291845,0.07206666666666667,-0.02836666666666668,0.0177,0
2020-07-31,0.0588999999999999,0.0766,0.0177,0.0583,-0.0235,-0.0144,0.0001,False,0.0078999999999999,0.015333333333333301,0.021232600719962122,0.04616666666666667,-0.028700000000000014,0.0151,0
2020-08-31,0.0698,0.0849,0.0151,0.0762,-0.002,-0.0302,0.0001,False,0.0177,0.013566666666666635,0.027422679178616693,0.053,-0.02210000000000001,0.0207,0
2020-09-30,-0.0374,-0.0167,0.0207,-0.0364,0.0006,-0.0272,0.0001,False,0.0151,0.017833333333333333,0.058997655320642495,0.0327,-0.023933333333333345,-0.0179,1
2020-10-31,-0.0249,-0.0428,-0.0179,-0.0208,0.0434,0.0425,0.0001,False,0.0207,0.005966666666666666,0.058617659455150586,0.006333333333333334,-0.004966666666666675,-0.0319,1
2020-11-30,0.1088,0.0769,-0.0319,0.1245,0.0581,0.0209,0.0001,False,-0.0179,-0.0097,0.08104153256201418,0.022433333333333333,0.012066666666666658,-0.0069,1
2020-12-31,0.0371,0.0302,-0.0069,0.0463,0.0501,-0.0168,0.0001,False,-0.0319,-0.0189,0.06690861927534701,0.049999999999999996,0.015533333333333324,0.012,0
2021-01-31,-0.0102,0.0018,0.012,-0.0007,0.0714,0.0322,0.0,False,-0.0069,-0.008933333333333333,0.059915468230944666,0.0567,0.012099999999999991,-0.0422,1
2021-02-28,0.0278,-0.0144,-0.0422,0.0281,0.0202,0.072,0.0,False,0.012,-0.012366666666666666,0.025059196581960444,0.024566666666666667,0.02913333333333332,-0.0289,1
2021-03-31,0.0454,0.0165,-0.0289,0.0316,-0.0233,0.0735,0.0,False,-0.0422,-0.0197,0.0284168963822583,0.01966666666666667,0.059233333333333325,0.0006999999999999,0
2021-04-30,0.0529,0.0536,0.0006999999999999,0.0495,-0.0319,-0.0102,0.0,False,-0.0289,-0.0234666666666667,0.012884228084496886,0.0364,0.04509999999999998,-0.0145,1
2021-05-31,0.0066,-0.0079,-0.0145,0.003,-0.002,0.0704,0.0,False,0.0006999999999999,-0.014233333333333367,0.02485082158266278,0.028033333333333337,0.044566666666666664,0.0493,0
2021-06-30,0.0225,0.0718,0.0493,0.0274,0.017,-0.0786,0.0,False,-0.0145,0.011833333333333298,0.0235253763696426,0.026633333333333332,-0.006133333333333342,-0.0020999999999999,1
2021-07-31,0.0243999999999999,0.0223,-0.0020999999999999,0.0134,-0.0393,-0.0179,0.0,False,0.0493,0.01090000000000003,0.009774627017607245,0.0146,-0.008700000000000008,0.0162,0
2021-08-31,0.0298,0.046,0.0162,0.0294,-0.0032,-0.0023,0.0,False,-0.0020999999999999,0.021133333333333365,0.003787259343290119,0.0234,-0.03293333333333334,-0.0001999999999999,1
2021-09-30,-0.0466,-0.0467999999999999,-0.0001999999999999,-0.044,0.0066,0.0512,0.0,False,0.0162,0.004633333333333397,0.04263629127085675,-0.0003999999999999976,0.010333333333333325,0.0035,0
2021-10-31,0.0702,0.0737,0.0035,0.0663,-0.0227,-0.0053,0.0,False,-0.0001999999999999,0.00650000000000003,0.059317451057846415,0.017233333333333333,0.014533333333333323,-0.0211,1
2021-11-30,-0.008,-0.0291,-0.0211,-0.0158,-0.0131,-0.0037,0.0,False,0.0035,-0.0059333333333333035,0.059508318746205595,0.0021666666666666674,0.014066666666666656,-0.0196,1
2021-12-31,0.0463,0.0266999999999999,-0.0196,0.0323,-0.0163,0.0326,0.0001,False,-0.0211,-0.012400000000000003,0.040072725554089014,0.027600000000000003,0.007866666666666655,-0.011,1
2022-01-31,-0.0527,-0.0637,-0.011,-0.0616,-0.0593,0.1286,0.0,False,-0.0196,-0.017233333333333337,0.04957751506479529,-0.01503333333333333,0.05249999999999999,0.0091,0
2022-02-28,-0.0295,-0.0204,0.0091,-0.0228,0.0216,0.0306,0.0,False,-0.011,-0.007166666666666669,0.051776571278265786,-0.017366666666666666,0.06393333333333333,-0.0020999999999999,1
2022-03-31,0.0375999999999999,0.0355,-0.0020999999999999,0.0308,-0.0155,-0.019,0.0,False,0.0091,-0.0013333333333333034,0.0468948113689919,-0.017866666666666666,0.04673333333333332,0.0025,0
2022-04-30,-0.0877999999999999,-0.0852999999999999,0.0025,-0.0941,-0.0135,0.0618,0.0,False,-0.0020999999999999,0.0031666666666666965,0.06275144088651133,-0.0287,0.024466666666666654,0.0133,0
2022-05-31,0.0023,0.0156,0.0133,-0.0034,-0.0184,0.0844,0.0003,False,0.0025,0.004566666666666696,0.06466485392648255,-0.02223333333333333,0.04239999999999999,0.0005,0
2022-06-30,-0.0825,-0.0819999999999999,0.0005,-0.084,0.0207,-0.06,0.0006,False,0.0133,0.005433333333333329,0.05055877767509813,-0.0605,0.02873333333333333,-0.013,1
2022-07-31,0.0921,0.0791,-0.013,0.0957,0.0284,-0.0415,0.0008,False,0.0005,0.0002666666666666633,0.0873119312198129,0.0027666666666666673,-0.005700000000000011,0.0112,0
2022-08-31,-0.0408,-0.0296,0.0112,-0.0377,0.0141,0.0018,0.0019,False,-0.013,-0.0004333333333333365,0.09118338664471727,-0.008666666666666665,-0.033233333333333344,0.0225999999999999,0
2022-09-30,-0.0924,-0.0698,0.0225999999999999,-0.0934,-0.0076,0.0003,0.0019,False,0.0112,0.0069333333333332975,0.09518860225888394,-0.011799999999999996,-0.013133333333333346,0.0544999999999999,0
2022-10-31,0.0813,0.1358,0.0544999999999999,0.0785,0.0001,0.0797,0.0023,False,0.0225999999999999,0.029433333333333266,0.08920263449024364,-0.01753333333333333,0.02726666666666665,-0.0238999999999999,1
2022-11-30,0.0556,0.0317,-0.0238999999999999,0.0465,-0.0357,0.0148,0.0029,False,0.0544999999999999,0.0177333333333333,0.09375160443071541,0.010533333333333339,0.03159999999999999,0.0259999999999999,0
2022-12-31,-0.0576,-0.0316,0.0259999999999999,-0.0638,-0.0076,0.0134,0.0033,False,-0.0238999999999999,0.018866666666666632,0.07390076679800649,0.0204,0.035966666666666654,-0.0675,1
2023-01-31,0.0629,-0.0046,-0.0675,0.0661,0.0501,-0.0394,0.0035,True,0.0259999999999999,-0.021800000000000003,0.06756204555813865,0.016266666666666676,-0.0037333333333333454,-0.0204999999999999,1
2023-02-28,-0.0250999999999999,-0.0455999999999999,-0.0204999999999999,-0.0257,0.0105,-0.008,0.0034,False,-0.0675,-0.02066666666666667,0.062343804824537295,-0.007799999999999992,-0.011333333333333346,-0.0196,1
2023-03-31,0.0371,0.0175,-0.0196,0.0248,-0.0548,-0.0905,0.0036,False,-0.0204999999999999,-0.03586666666666664,0.0452373002436411,0.02173333333333334,-0.045966666666666676,0.0129999999999999,0
2023-04-30,0.016,0.0289999999999999,0.0129999999999999,0.0062,-0.0337,-0.0012,0.0035,False,-0.0196,-0.009033333333333336,0.03163136628938643,0.0017666666666666707,-0.03323333333333335,-0.0596999999999999,1
2023-05-31,0.0046,-0.0550999999999999,-0.0596999999999999,0.0034,0.016,-0.0779,0.0036,True,0.0129999999999999,-0.022099999999999998,0.01648949160324041,0.011466666666666672,-0.056533333333333345,-0.0043,1
2023-06-30,0.0648,0.0605,-0.0043,0.0646,0.0149,-0.0013,0.004,False,-0.0596999999999999,-0.017,0.031977700563569855,0.02473333333333334,-0.026800000000000015,-0.0150999999999999,1
2023-07-31,0.0327,0.0176,-0.0150999999999999,0.0321,0.0205,0.0406,0.0045,False,-0.0043,-0.026366666666666604,0.03012214025153817,0.033366666666666676,-0.01286666666666668,0.04,0
2023-08-31,-0.0163,0.0237,0.04,-0.0236,-0.0314,-0.0115,0.0045,False,-0.0150999999999999,0.006866666666666699,0.04084242075750819,0.024366666666666672,0.00926666666666665,0.035,0
2023-09-30,-0.0474,-0.0124,0.035,-0.0523,-0.0251,0.0149,0.0043,False,0.04,0.0199666666666667,0.040381967922989294,-0.014599999999999997,0.014666666666666653,0.0017999999999999,0
2023-10-31,-0.0217,-0.0199,0.0017999999999999,-0.0315,-0.0386,0.002,0.0047,False,0.035,0.025599999999999967,0.016617560992315816,-0.0358,0.001799999999999985,0.0068,0
2023-11-30,0.0913,0.0981,0.0068,0.0888,-0.001,0.0167,0.0044,False,0.0017999999999999,0.014533333333333301,0.073787058485889,0.0016666666666666728,0.011199999999999986,0.0193999999999999,0
2023-12-31,0.0457,0.0650999999999999,0.0193999999999999,0.0485,0.063,0.0489,0.0043,False,0.0068,0.009333333333333266,0.05684939167074118,0.035266666666666675,0.02253333333333332,0.0404999999999999,0
2024-01-31,0.0159,0.0564,0.0404999999999999,0.0073,-0.0507,-0.0238,0.0047,False,0.0193999999999999,0.022233333333333268,0.037974903993734294,0.048200000000000014,0.013933333333333317,0.0627,0
2024-02-29,0.0521999999999999,0.1149,0.0627,0.0507,-0.0024,-0.0343,0.0042,True,0.0404999999999999,0.0408666666666666,0.019356222083178713,0.035500000000000004,-0.0030666666666666815,0.0088999999999999,0
2024-03-31,0.0327,0.0416,0.0088999999999999,0.0284,-0.025,0.0416,0.0043,False,0.0627,0.0373666666666666,0.018166727828643266,0.028800000000000006,-0.005500000000000014,-0.0141999999999999,1
2024-04-30,-0.0403,-0.0545,-0.0141999999999999,-0.0465,-0.0237,-0.0045,0.0047,False,0.0088999999999999,0.019133333333333336,0.048760468961376216,0.010866666666666672,0.0009333333333333199,0.0227999999999999,0
2024-05-31,0.0506,0.0733999999999999,0.0227999999999999,0.0433,0.0055,-0.0131,0.0044,False,-0.0141999999999999,0.005833333333333299,0.04815291614568465,0.008400000000000005,0.007999999999999986,0.0397,0
2024-06-30,0.0353,0.075,0.0397,0.028,-0.03,-0.0336,0.0041,False,0.0227999999999999,0.0161,0.04866939490069713,0.00826666666666667,-0.017066666666666678,-0.0288,1
2024-07-31,0.0121,-0.0167,-0.0288,0.0122,0.0681,0.0562,0.0045,False,0.0397,0.011233333333333298,0.019384615893365986,0.02783333333333334,0.003166666666666653,0.0144,0
2024-08-31,0.0233999999999999,0.0378,0.0144,0.016,-0.0349,-0.011,0.0048,False,-0.0288,0.008433333333333333,0.01160129303138249,0.01873333333333334,0.003866666666666655,-0.0047,1
2024-09-30,0.021,0.0163,-0.0047,0.0172,-0.0013,-0.0277,0.004,False,0.0144,-0.006366666666666667,0.0059534303836810696,0.01513333333333334,0.0058333333333333215,0.0109,0
2024-10-31,-0.0089,0.002,0.0109,-0.01,-0.0099,0.0086,0.0039,False,-0.0047,0.006866666666666666,0.017995647621948378,0.0077333333333333395,-0.010033333333333347,0.0065999999999999,0
2024-11-30,0.0596,0.0662,0.0065999999999999,0.0649,0.0446,0.0015,0.004,False,0.0109,0.004266666666666633,0.03434195684581768,0.02403333333333334,-0.00586666666666668,0.0073,0
2024-12-31,-0.0241,-0.0168,0.0073,-0.0317,-0.0271,-0.03,0.0037,False,0.0065999999999999,0.008266666666666632,0.04458882520692082,0.007733333333333338,-0.006633333333333346,0.0261,0
2025-01-31,0.0268,0.0529,0.0261,0.028,-0.0197,0.0163,0.0037,False,0.0073,0.0133333333333333,0.04217491355454493,0.020400000000000005,-0.00406666666666668,0.0103,0
2025-02-28,-0.0127,-0.0024,0.0103,-0.0244,-0.0579,0.0491,0.0033,False,0.0261,0.014566666666666667,0.02671148317359667,-0.009366666666666662,0.011799999999999986,-0.0153999999999999,1
2025-03-31,-0.0557,-0.0711,-0.0153999999999999,-0.0639,-0.0276,0.029,0.0034,False,0.0103,0.007000000000000033,0.04126237188205906,-0.020099999999999996,0.03146666666666665,0.0307,0
2025-04-30,-0.0087,0.022,0.0307,-0.0084,-0.0059,-0.034,0.0035,False,-0.0153999999999999,0.008533333333333365,0.02605762844159085,-0.03223333333333333,0.014699999999999986,0.0511999999999999,0
2025-05-31,0.0628,0.114,0.0511999999999999,0.0606,0.007,-0.0288,0.0038,False,0.0307,0.022166666666666664,0.0596706237049131,-0.0038999999999999937,-0.011266666666666682,0.0183,0
2025-06-30,0.0513999999999999,0.0697,0.0183,0.0486,0.0083,-0.016,0.0034,False,0.0511999999999999,0.033399999999999964,0.038414884268123665,0.033600000000000005,-0.026266666666666685,0.0056,0
2025-07-31,0.023,0.0286,0.0056,0.0198,0.0027,-0.0127,0.0034,False,0.0183,0.025033333333333296,0.020496178505597967,0.04300000000000001,-0.019166666666666683,-0.0136999999999999,1
2025-08-31,0.0204999999999999,0.0068,-0.0136999999999999,0.0185,0.0387,0.0441,0.0038,False,0.0056,0.0034000000000000293,0.01716401273983844,0.02896666666666667,0.005133333333333316,,0
